Internal ID,Asset ID,English Name,Chinese Name,Width*,Length,Height*,Hitzones,,,,,,,,,
50001,???,Calico Cat,战斗猫,,,,,,,,,,,,,
50010,m001,Kelbi,精灵鹿,,,,,,,,,,,,,
50020,m002,Akenta,雪山麋鹿,,,,,,,,,,,,,
50030,m003,Popo,猛犸象,,,,,,,,,,,,,
50040,m004,Mosswine,香菇猪,,,,,,,,,,,,,
50042,m004,PVP Mosswine,PVP香菇猪,,,,,,,,,,,,,
50050,m005,Bullfango,野猪,,,,,,,,,,,,,
50053,m005,Bullfango (PVP),PVP野猪,,,,,,,,,,,,,
50055,m005,??? Bullfango,降低猪车频率的小野猪,,,,,,,,,,,,,
50056,m005,??? Bullfango,战斗组测试用野猪,,,,,,,,,,,,,
50060,m006,Velociprey,蓝速龙,,,,,,,,,,,,,
50070,m007,Genprey,黄速龙,,,,,,,,,,,,,
50080,m008,Ioprey,红速龙,,,,,,,,,,,,,
50081,m008,Ioprey (Only Taunts),只会叫的红速龙,,,,,,,,,,,,,
50090,m009,Giaprey,白速龙,,,,,,,,,,,,,
50100,m010,Felyne,野生艾露,,,,,,,,,,,,,
50110,???,Melynx,野生梅露,,,,,,,,,,,,,
50111,m011,Zenny Felyne,猫猫大盗,,,,,,,,,,,,,
50120,m012,Aptonoth,草食龙,,,,,,,,,,,,,
50122,m012,NPC Char's Aptonoth,肯妈用草食龙,,,,,,,,,,,,,
50123,m012,Normal Durability Aptonoth(?),普通肉质食草龙,,,,,,,,,,,,,
50124,m012,Hard-Skin Aptonoth(?),坚硬肉质食草龙,,,,,,,,,,,,,
50125,m012,Raid Merchant's Aptonoth,[配信Raid]商团草食龙,,,,,,,,,,,,,
50130,m013,Apceros,龟壳龙,,,,,,,,,,,,,
50150,m015,Vespoid,蚊子,,,,,,,,,,,,,
50151,m015,Vespoid (?),蚊子,,,,,,,,,,,,,
50160,m016,Great Thunderbug,雷光虫,,,,,,,,,,,,,
50161,m016,Negative-Charge Thunderbug,雷光虫负极,,,,,,,,,,,,,
50162,m016,Great Thunderbug (Yama Tsukami),雷光虫,,,,,,,,,,,,,
50164,m016,Burning Firefly (Infernal Tartaronis Quest),火萤,,,,,,,,,,,,,
50170,m017,Hermitaur,小盾蟹,,,,,,,,,,,,,
50171,m017,Hermitaur (?),小盾蟹,,,,,,,,,,,,,
50180,m018,Ceanataur,小镰蟹,,,,,,,,,,,,,
50181,m018,Ceanataur (?),小镰蟹,,,,,,,,,,,,,
50190,m019,Cephalos,小沙龙,,,,,,,,,,,,,
50203,???,Festive Shakalaka (B. Kut-Ku Summon),奇面族祭祀,,,,,,,,,,,,,
50205,m020 (?),Bomber Shakalaka,爆桶奇面族,,,,,,,,,,,,,
50210,m021,Blango,小雪狮子,,,,,,,,,,,,,
50220,m022,Conga,小桃毛兽,,,,,,,,,,,,,
50221,m022,Conga (?),小桃毛兽,,,,,,,,,,,,,
50230,m023,Remobra,蛇龙,,,,,,,,,,,,,
50231,m023,Remobra (Beacon Walls Ver.),老山蟹用蛇龙,,,,,,,,,,,,,
50232,m023,Remobra (G.Fortress Lake Ver.),水龙关蛇龙,,,,,,,,,,,,,
50233,m023,Remobra (Guren Shen Ver.),红莲老山蟹用蛇龙,,,,,,,,,,,,,
50250,m025,Shield Shakalaka,盾奇面,,,,,,,,,,,,,
50251,m020 (?),Knife Shakalaka,刀奇面,,,,,,,,,,,,,
50252,m024 (?),Archer Shakalaka,箭奇面,,,,,,,,,,,,,
50253,m026 (?),Preist Shakalaka,祭司奇面,,,,,,,,,,,,,
50270,m027,King Shakalaka,奇面王,,,,,,,,,,,,,
50280,m028,Star Butterfly,蝴蝶,,,,,,,,,,,,,
50281,m028_u01,Star Butterfly Subspecies,蝴蝶亚种,,,,,,,,,,,,,
50282,m028_u02,Star Butterfly Variant,蝴蝶特殊种,,,,,,,,,,,,,
50310,m031,Plesioth Hatchling,小水龙,,,,,,,,,,,,,
50340,m033,Juvenile Brachydios,小碎龙,,,,,,,,,,,,,
50350,m035,Soccer Ball,足球,,,,,,,,,,,,,
60010,em001,Caeserber,河狸兽,,,,Part,Stun,Cutting,Impact,Shot,Fire,Water,Thunder,Ice,Dragon
,,,,,,,Head,100,90,90,70,25,0,10,10,0
,,,,,,,Body,0,70,70,50,15,0,10,10,0
,,,,,,,LeftHand,0,44,44,40,15,0,10,10,0
,,,,,,,RightHand,0,44,44,40,15,0,10,10,0
,,,,,,,Tail,0,28,35,35,15,0,10,10,0
60011,em001_u01,Yellow Caeserber,沙狸兽,,,,Part,Stun,Cutting,Impact,Shot,Fire,Water,Thunder,Ice,Dragon
,,,,,,,Head,80,65,75,75,5,25,5,10,0
,,,,,,,Body,0,50,50,35,5,35,5,10,0
,,,,,,,LeftHand,0,50,50,35,5,35,5,10,0
,,,,,,,RightHand,0,50,50,35,5,35,5,10,0
,,,,,,,Tail,0,26,35,35,5,40,5,10,0
60012,em001_x01,Ghost Caeserber,战鬼河狸兽,,,,Part,Stun,Cutting,Impact,Shot,Fire,Water,Thunder,Ice,Dragon
,,,,,,,Head,100,50,60,40,25,0,10,10,0
,,,,,,,Body,0,40,30,40,15,0,10,10,0
,,,,,,,LeftHand,0,35,35,25,15,0,10,10,0
,,,,,,,RightHand,0,35,35,25,15,0,10,10,0
,,,,,,,Tail,0,20,20,35,15,0,10,10,0
60014,em001,Promo Vid Caeserber,视频用河狸兽,,,,Part,Stun,Cutting,Impact,Shot,Fire,Water,Thunder,Ice,Dragon
,,,,,,,Head,100,70,70,70,25,0,10,10,0
,,,,,,,Body,0,50,50,50,15,0,10,10,0
,,,,,,,LeftHand,0,40,40,40,15,0,10,10,0
,,,,,,,RightHand,0,40,40,40,15,0,10,10,0
,,,,,,,Tail,0,28,35,35,15,0,10,10,0
60015,em001_ex01,Caeserber (Abnormal),河狸兽EX,,,,Part,Stun,Cutting,Impact,Shot,Fire,Water,Thunder,Ice,Dragon
,,,,,,,Head,100,70,70,70,60,0,10,10,0
,,,,,,,Body,0,50,50,50,30,0,10,10,0
,,,,,,,LeftHand,0,40,40,40,30,0,10,10,0
,,,,,,,RightHand,0,40,40,40,30,0,10,10,0
,,,,,,,Tail,0,28,35,35,20,0,10,10,0
60017,em001,Caserber (Tutorial Ver.),新手河狸兽,,,,Part,Stun,Cutting,Impact,Shot,Fire,Water,Thunder,Ice,Dragon
,,,,,,,Head,100,70,70,70,25,0,10,10,0
,,,,,,,Body,0,65,65,60,15,0,10,10,0
,,,,,,,LeftHand,0,65,65,60,15,0,10,10,0
,,,,,,,RightHand,0,65,65,60,15,0,10,10,0
,,,,,,,Tail,0,28,35,35,15,0,10,10,0
60020,em002,Velocidrome,蓝速龙王,,,,,,,,,,,,,
60022,m008,Iodrome,红速龙王,,,,,,,,,,,,,
60023,m008,Iodrome (x3 Speed),三倍速红速龙王,,,,,,,,,,,,,
60024,m009,Giadrome,白速龙王,,,,,,,,,,,,,
60030,em003,Bulldrome,大野猪王,,,,,,,,,,,,,
60032,em003,Quest-Specific Large Bulldrome,任务专用大野猪王,,,,,,,,,,,,,
60033,em003_u01,Gold Bulldrome (New Years 2019),刚鬣金彘,,,,,,,,,,,,,
60034,em003_u02,Elemental Bulldrome (April Fools 2016),奇烈大野猪王,,,,,,,,,,,,,
60040,em004,Yian Kut-Ku,大怪鸟,,,,,,,,,,,,,
60041,em004_u01,Blue Yian Kut-Ku,青怪鸟,,,,,,,,,,,,,
60042,em004_u01,Blue Yian Kut-Ku (Clamorous Ridge),05关青怪鸟,,,,,,,,,,,,,
60043,em004_ex01,Yian Kut-Ku (Abnormal),大怪鸟EX,,,,,,,,,,,,,
60049,em004_ex01,Yian Kut-Rex (April Fools 2016),愚人节大怪鸟,,,,,,,,,,,,,
60050,em005,NB2 - Baelidae,鬼狩蛛,,,,,,,,,,,,,
60051,em005_u01,Dread Baelidae,骇狩蛛,,,,,,,,,,,,,
60053,em005_ex01,Baelidae (Abnormal),鬼狩蛛EX,,,,,,,,,,,,,
60054,em005_u01_ex01,Dread Baelidae (Abnormal),骇狩蛛EX,,,,,,,,,,,,,
60059,em005,NT Baelidae (?),NT鬼狩蛛,,,,,,,,,,,,,
60060,em006,Gendrome,黄速龙王,,,,,,,,,,,,,
60070,em007,Gypceros,毒怪鸟,,,,,,,,,,,,,
60071,em007_u01,Purple Gypceros,紫毒鸟,,,,,,,,,,,,,
60073,em007_ex01,Gypceros (Abnormal),毒怪鸟EX,,,,,,,,,,,,,
60079,em007,Gypceros (Pretending),演员毒怪鸟,,,,,,,,,,,,,
60080,em008,Congalala,桃毛兽王,,,,,,,,,,,,,
60081,em008_u01,Gold Congalala,金毛兽王,,,,,,,,,,,,,
60082,em008_ex01,Congalala (Abnormal),桃毛兽王EX,,,,,,,,,,,,,
60083,em008_u01_ex01,Gold Congalala (Abnormal),金毛兽王EX,,,,,,,,,,,,,
60087,???,April Fools Congalala A,愚人节桃毛兽王A,,,,,,,,,,,,,
60088,???,April Fools Congalala B,愚人节桃毛兽王B,,,,,,,,,,,,,
60089,???,April Fools Congalala C,愚人节桃毛兽王C,,,,,,,,,,,,,
60090,em009,Chramine,沙雷鸟,,,,,,,,,,,,,
60091,em009_u01,Ice Chramine,冰雷鸟,,,,,,,,,,,,,
60092,em009_ex01,Chramine (Abnormal),沙雷鸟EX,,,,,,,,,,,,,
60093,em009_u01_ex01,Ice Chramine (Abnormal),冰雷鸟EX,,,,,,,,,,,,,
60100,em010,Daimyo Hermitaur,大名盾蟹,,,,,,,,,,,,,
60101,em010_ex01,Daimyo Hermitaur (Abnormal),大名盾蟹EX,,,,,,,,,,,,,
60102,em010_u01,Gonngenn Hermitaur,葵盾蟹,,,,,,,,,,,,,
60110,em011,Cephadrome,沙龙王,,,,,,,,,,,,,
60111,em011_ex01,Cephadrome (Abnormal),沙龙王EX,,,,,,,,,,,,,
60120,em012,Khezu,电龙,,,,,,,,,,,,,
60121,em012_u01,Red Khezu,红电龙,,,,,,,,,,,,,
60122,em012,Airship Quest-Unique Khezu,飞艇关特殊电龙,,,,,,,,,,,,,
60123,em012_ex01,Khezu (Abnormal),电龙EX,,,,,,,,,,,,,
60127,em012_u01,Red Khezu (Raid),[配信Raid]红电龙,,,,,,,,,,,,,
60130,em013,NB3 - Estrellian,星龙,686.3346,1874.215,859.733,Part,Stun,Cutting,Impact,Shot,Fire,Water,Thunder,Ice,Dragon
,,,,,,,Normal,,,,,,,,,
,,,,,,,Head,50,50,45,45,5,25,5,10,10
,,,,,,,Neck,0,40,35,45,5,10,10,10,10
,,,,,,,Body,0,50,40,40,5,25,5,10,10
,,,,,,,Tail,0,45,30,20,5,20,15,10,10
,,,,,,,LeftFoot,0,35,30,35,5,20,10,10,10
,,,,,,,LeftHand,0,35,30,35,5,20,10,10,10
,,,,,,,RightFoot,0,35,30,35,5,20,10,10,10
,,,,,,,RightHand,0,35,30,35,5,20,10,10,10
,,,,,,,Amourd,,,,,,,,,
,,,,,,,Head,50,20,25,45,5,25,5,10,10
,,,,,,,Neck,0,35,35,45,5,10,10,10,10
,,,,,,,Body,0,40,45,40,5,25,5,10,10
,,,,,,,Tail,0,20,25,20,5,20,15,10,10
,,,,,,,LeftFoot,0,26,35,35,5,20,10,10,10
,,,,,,,LeftHand,0,20,35,35,5,20,10,10,10
,,,,,,,RightFoot,0,26,35,35,5,20,10,10,10
,,,,,,,RightHand,0,20,35,35,5,20,10,10,10
,,,,,,,Angry,,,,,,,,,
,,,,,,,Head,50,50,35,45,5,25,5,10,10
,,,,,,,Neck,0,45,40,45,5,10,10,10,10
,,,,,,,Body,0,45,45,40,5,25,5,10,10
,,,,,,,Tail,0,35,30,20,5,20,15,10,10
,,,,,,,LeftFoot,0,40,35,35,5,20,10,10,10
,,,,,,,LeftHand,0,40,35,35,5,20,10,10,10
,,,,,,,RightFoot,0,40,35,35,5,20,10,10,10
,,,,,,,RightHand,0,40,35,35,5,20,10,10,10
60131,em013_u01,Doom Estrellian,祸星龙,686.3346,1874.215,859.733,,,,,,,,,,
60133,em013_ex01,Estrellian (Abnormal),星龙EX,686.3346,1874.215,859.733,,,,,,,,,,
60134,em013_u02,Arbiter Estrellian,灭星龙,754.9680404,2061.636446,945.7062754,Part,Stun,Cutting,Impact,Shot,Fire,Water,Thunder,Ice,Dragon
,,,,,,,Normal,,,,,,,,,
,,,,,,,Body,0,30,32,30,10,25,10,5,5
,,,,,,,Tail,0,22,20,15,10,20,10,15,5
,,,,,,,Head,50,25,27,20,10,30,10,5,5
,,,,,,,Neck,0,38,30,35,10,10,10,10,5
,,,,,,,LeftFoot,0,30,35,30,10,25,10,15,5
,,,,,,,LeftHand,0,25,30,20,10,20,10,10,5
,,,,,,,RightFoot,0,30,35,30,10,25,10,15,5
,,,,,,,RightHand,0,25,30,20,10,20,10,10,5
,,,,,,,Angry,,,,,,,,,
,,,,,,,Body,0,30,32,30,10,30,10,10,5
,,,,,,,Tail,0,35,33,20,10,25,10,20,5
,,,,,,,Head,80,60,65,55,10,35,10,10,5
,,,,,,,Neck,0,48,40,35,10,15,10,15,5
,,,,,,,LeftFoot,0,30,35,30,10,30,10,20,5
,,,,,,,LeftHand,0,33,33,32,10,25,10,15,5
,,,,,,,RightFoot,0,30,35,30,10,30,10,20,5
,,,,,,,RightHand,0,33,33,32,10,25,10,15,5
60140,em014,Hypnocatrice,眠鸟,,,,,,,,,,,,,
60141,em014_u01,Silver Hypnocatrice,银眠鸟,,,,,,,,,,,,,
60142,em014_ex01,Hypnocatrice (Abnormal),眠鸟EX,,,,,,,,,,,,,
60143,em014_u02,Gold Hypnocatrice,金眠鸟,,,,,,,,,,,,,
60150,em015,Shogun Ceanataur,将军镰蟹,,,,,,,,,,,,,
60151,em015_u01,Onimusha,武镰蟹,,,,,,,,,,,,,
60152,em015_x01,Swordmaster Shogun Ceanataur,剑豪镰蟹,,,,,,,,,,,,,
60153,em015_ex01,Shogun Ceanataur (Abnormal),将军镰蟹EX,,,,,,,,,,,,,
60154,em015_u01,Aberrant Onimusha,奇烈武镰蟹,,,,,,,,,,,,,
60160,em016,Plesioth,水龙,,,,,,,,,,,,,
60170,em017,Blangonga,雪狮子王,,,,,,,,,,,,,
60171,em017_u01,Flame Blangonga,炎狮子,,,,,,,,,,,,,
60172,em017_ex01,Blangonga (Abnormal),雪狮子王EX,,,,,,,,,,,,,
60180,em018,NB4 - Tartaronis,吞渊龙,3679.38,4909.54,1740.44,Part,Stun,Cutting,Impact,Shot,Fire,Water,Thunder,Ice,Dragon
,,,,,,,Head,0,30,30,23,5,25,5,5,40
,,,,,,,LeftBody,0,28,28,15,5,15,5,5,30
,,,,,,,RightBody,0,28,28,15,5,15,5,5,30
,,,,,,,LeftHand,0,26,26,20,5,15,5,5,30
,,,,,,,RightHand,0,26,26,20,5,15,5,5,30
,,,,,,,LeftLeg,0,26,26,25,5,15,5,5,30
,,,,,,,RightLeg,0,26,26,25,5,15,5,5,30
,,,,,,,Back,0,30,30,20,5,10,5,5,25
,,,,,,,Abdomen,0,35,35,25,5,20,5,5,35
,,,,,,,Tail,0,26,26,15,5,20,5,5,35
60181,em018_u01,Infernal Tartaronis,燎渊龙,3679.38,4909.54,1740.44,Part,Stun,Cutting,Impact,Shot,Fire,Water,Thunder,Ice,Dragon
,,,,,,,Normal,,,,,,,,,
,,,,,,,Head,0,40,60,30,0,30,0,30,25
,,,,,,,LeftBody,0,30,30,45,0,10,0,20,30
,,,,,,,RightBody,0,30,30,45,0,10,0,20,30
,,,,,,,LeftHand,0,40,40,30,0,15,0,15,15
,,,,,,,RightHand,0,40,40,30,0,15,0,15,15
,,,,,,,LeftLeg,0,40,40,30,0,15,0,15,15
,,,,,,,RightLeg,0,40,40,30,0,15,0,15,15
,,,,,,,Back,0,20,50,40,0,20,0,30,10
,,,,,,,Abdomen,0,60,30,40,0,30,0,25,20
,,,,,,,Tail,0,50,40,35,0,15,0,20,10
,,,,,,,P2Fall,,,,,,,,,
,,,,,,,Head,0,80,180,45,0,75,0,75,50
,,,,,,,LeftBody,0,60,60,90,0,20,0,40,75
,,,,,,,RightBody,0,60,60,90,0,20,0,40,75
,,,,,,,LeftHand,0,80,80,45,0,30,0,30,30
,,,,,,,RightHand,0,80,80,45,0,30,0,30,30
,,,,,,,LeftLeg,0,80,80,45,0,30,0,30,30
,,,,,,,RightLeg,0,80,80,45,0,30,0,30,30
,,,,,,,Back,0,40,150,80,0,40,0,75,20
,,,,,,,Abdomen,0,180,60,80,0,75,0,50,40
,,,,,,,Tail,0,150,80,60,0,30,0,40,20
60186,???,Tartaronis Major Tornado,NB4亚热气旋风,,,,,,,,,,,,,
60187,???,Tartarnois Sand Twister,NB4沙旋,,,,,,,,,,,,,
60189,???,Tartarnois Flying Object Proxy,NB4飞行物代理体,,,,,,,,,,,,,
60190,em019,Yian Garuga,黑狼鸟,,,,,,,,,,,,,
60191,em019,One-Eared Yian Garuga,独耳黑狼鸟,,,,,,,,,,,,,
60192,em019_ex01,Yian Garuga (Abnormal),黑狼鸟EX,,,,,,,,,,,,,
60200,em020,Monoblos,一角龙,,,,,,,,,,,,,
60201,em020_u01,White Monoblos,白一角龙,,,,,,,,,,,,,
60202,em020,Shattered Monoblos,断刃一角龙,,,,,,,,,,,,,
60203,em020_ex01,Monoblos (Abnormal),一角龙EX,,,,,,,,,,,,,
60210,em021,Rathian,雌火龙,,,,Part,Stun,Cutting,Impact,Shot,Fire,Water,Thunder,Ice,Dragon
,,,,,,,Head,60,75,75,55,0,15,20,15,35
,,,,,,,Neck,10,30,35,40,0,10,15,10,20
,,,,,,,Body,0,35,40,40,0,5,20,5,10
,,,,,,,Tail,0,30,26,25,0,5,10,5,25
,,,,,,,LeftWing,0,35,35,25,0,10,15,10,20
,,,,,,,RightWing,0,35,35,25,0,10,15,10,20
,,,,,,,LeftLeg,0,35,35,25,0,5,10,5,5
,,,,,,,RightLeg,0,35,35,25,0,5,10,5,5
60211,em021_u01,Pink Rathian,樱火龙,,,,Part,Stun,Cutting,Impact,Shot,Fire,Water,Thunder,Ice,Dragon
,,,,,,,Head,60,55,50,40,0,35,10,10,20
,,,,,,,Neck,10,45,35,35,0,15,10,5,15
,,,,,,,Body,0,50,45,40,0,15,10,5,5
,,,,,,,Tail,0,26,26,20,0,15,5,5,20
,,,,,,,LeftWing,0,30,25,30,0,15,10,10,15
,,,,,,,RightWing,0,30,25,30,0,15,10,10,15
,,,,,,,LeftLeg,0,35,35,35,0,10,5,5,5
,,,,,,,RightLeg,0,35,35,35,0,10,5,5,5
60212,em021_u02,Gold Rathian,金火龙,,,,Part,Stun,Cutting,Impact,Shot,Fire,Water,Thunder,Ice,Dragon
,,,,,,,Normal,,,,,,,,,
,,,,,,,Head,60,19,19,15,0,20,30,10,0
,,,,,,,Neck,10,15,15,15,0,20,30,10,0
,,,,,,,Back,0,55,50,30,5,15,20,5,0
,,,,,,,Body,0,28,30,30,5,10,15,10,0
,,,,,,,Tail,0,28,26,15,0,5,10,5,0
,,,,,,,TailEnd,0,45,45,30,0,10,10,5,0
,,,,,,,LeftWing,0,44,44,25,0,15,0,25,10
,,,,,,,RightWing,0,44,44,25,0,15,0,25,10
,,,,,,,LeftLeg,0,35,35,35,10,5,5,0,0
,,,,,,,RightLeg,0,35,35,35,10,5,5,0,0
,,,,,,,Broken,,,,,,,,,
,,,,,,,Head,60,55,50,40,0,10,15,5,0
,,,,,,,Neck,10,15,15,15,0,20,30,10,0
,,,,,,,Back,0,55,50,30,5,15,20,5,0
,,,,,,,Body,0,28,30,30,5,10,15,10,0
,,,,,,,Tail,0,28,26,15,0,5,10,5,0
,,,,,,,TailEnd,0,45,45,30,0,10,10,5,0
,,,,,,,LeftWing,0,44,44,25,0,15,0,25,10
,,,,,,,RightWing,0,44,44,25,0,15,0,25,10
,,,,,,,LeftLeg,0,35,35,35,10,5,5,0,0
,,,,,,,RightLeg,0,35,35,35,10,5,5,0,0
60213,em021_ex01,Rathian (Abnormal),雌火龙EX,,,,Part,Stun,Cutting,Impact,Shot,Fire,Water,Thunder,Ice,Dragon
,,,,,,,Head,60,50,75,40,0,15,20,15,100
,,,,,,,Neck,10,25,35,30,0,10,15,10,60
,,,,,,,Body,0,30,40,30,0,5,20,5,30
,,,,,,,Tail,0,28,26,20,0,5,10,5,75
,,,,,,,LeftWing,0,30,35,20,0,10,15,10,60
,,,,,,,RightWing,0,30,35,20,0,10,15,10,60
,,,,,,,LeftLeg,0,30,35,20,0,5,10,5,25
,,,,,,,RightLeg,0,30,35,20,0,5,10,5,25
60216,???,Pink Rathian-Related Entity (?),联动樱火龙,,,,Part,Stun,Cutting,Impact,Shot,Fire,Water,Thunder,Ice,Dragon
,,,,,,,Head,60,55,50,40,0,35,10,10,20
,,,,,,,Neck,10,45,35,35,0,15,10,5,15
,,,,,,,Body,0,50,45,40,0,15,10,5,5
,,,,,,,Tail,0,26,26,20,0,15,5,5,20
,,,,,,,LeftWing,0,30,25,30,0,15,10,10,15
,,,,,,,RightWing,0,30,25,30,0,15,10,10,15
,,,,,,,LeftLeg,0,35,35,35,0,10,5,5,5
,,,,,,,RightLeg,0,35,35,35,0,10,5,5,5
60217,em021,Rathian (Raid),[配信Raid]雌火龙,,,,Part,Stun,Cutting,Impact,Shot,Fire,Water,Thunder,Ice,Dragon
,,,,,,,Head,10,25,25,25,0,15,20,15,35
,,,,,,,Neck,0,15,17,20,0,10,15,10,20
,,,,,,,Body,0,17,20,20,0,5,20,5,10
,,,,,,,Tail,0,30,30,30,0,5,10,5,25
,,,,,,,LeftWing,0,17,17,13,0,10,15,10,20
,,,,,,,RightWing,0,17,17,13,0,10,15,10,20
,,,,,,,LeftLeg,0,17,17,13,0,5,10,5,5
,,,,,,,RightLeg,0,17,17,13,0,5,10,5,5
60218,em021,Conflagration Rathian,烈焰女王,,,,Part,Stun,Cutting,Impact,Shot,Fire,Water,Thunder,Ice,Dragon
,,,,,,,Head,60,35,40,30,0,15,20,15,35
,,,,,,,Neck,10,30,35,40,0,10,15,10,20
,,,,,,,Body,0,35,40,40,0,5,20,5,10
,,,,,,,Tail,0,20,20,25,0,5,10,5,25
,,,,,,,LeftWing,0,20,25,20,0,10,15,10,20
,,,,,,,RightWing,0,20,25,20,0,10,15,10,20
,,,,,,,LeftLeg,0,26,26,20,0,5,10,5,5
,,,,,,,RightLeg,0,26,26,20,0,5,10,5,5
60219,em021,Escape from Rathian (???),逃离雌火龙,,,,Part,Stun,Cutting,Impact,Shot,Fire,Water,Thunder,Ice,Dragon
,,,,,,,Head,60,60,60,55,0,15,20,15,35
,,,,,,,Neck,10,30,35,40,0,10,15,10,20
,,,,,,,Body,0,35,40,40,0,5,20,5,10
,,,,,,,Tail,0,30,26,25,0,5,10,5,25
,,,,,,,LeftWing,0,26,25,20,0,10,15,10,20
,,,,,,,RightWing,0,26,25,20,0,10,15,10,20
,,,,,,,LeftLeg,0,26,26,20,0,5,10,5,5
,,,,,,,RightLeg,0,26,26,20,0,5,10,5,5
60220,em022,Shen Gaoren,老山蟹,,,,Part,Stun,Cutting,Impact,Shot,Fire,Water,Thunder,Ice,Dragon
,,,,,,,Head,0,35,37,20,35,5,20,5,20
,,,,,,,Body,0,35,40,20,20,5,15,5,35
,,,,,,,LeftLeg,0,22,21,15,25,5,15,5,30
,,,,,,,RightLeg,0,22,21,15,25,5,15,5,30
,,,,,,,LeftBackLeg,0,22,21,15,25,5,15,5,30
,,,,,,,RightBackLeg,0,22,21,15,25,5,15,5,30
,,,,,,,LeftHand,0,10,18,10,30,5,15,5,20
,,,,,,,RightHand,0,10,18,10,30,5,15,5,20
,,,,,,,LeftArm,0,10,18,13,30,5,15,5,20
,,,,,,,RightArm,0,10,18,13,30,5,15,5,20
,,,,,,,Shell,0,10,17,10,20,5,20,5,35
,,,,,,,with Softened % Modifier,,,,,,,,,
,,,,,,,LeftLeg,0,33,31.5,22.5,37.5,7.5,22.5,7.5,45
,,,,,,,RightLeg,0,33,31.5,22.5,37.5,7.5,22.5,7.5,45
,,,,,,,LeftBackLeg,0,33,31.5,22.5,37.5,7.5,22.5,7.5,45
,,,,,,,RightBackLeg,0,33,31.5,22.5,37.5,7.5,22.5,7.5,45
60221,em022_u01,Teppeki Shen Gaoren,铠岩老山蟹,,,,Part,Stun,Cutting,Impact,Shot,Fire,Water,Thunder,Ice,Dragon
,,,,,,,Normal,,,,,,,,,
,,,,,,,Head,0,10,10,10,45,15,3,15,3
,,,,,,,Body,0,5,5,5,35,10,3,10,3
,,,,,,,LeftLeg,0,5,5,5,40,10,3,10,3
,,,,,,,RightLeg,0,5,5,5,40,10,3,10,3
,,,,,,,LeftBackLeg,0,5,5,5,40,10,3,10,3
,,,,,,,RightBackLeg,0,5,5,5,40,10,3,10,3
,,,,,,,LeftHand,0,7,7,5,45,15,3,15,3
,,,,,,,RightHand,0,7,7,5,45,15,3,15,3
,,,,,,,LeftArm,0,5,5,10,30,10,3,10,3
,,,,,,,RightArm,0,5,5,10,30,10,3,10,3
,,,,,,,Shell,0,3,4,3,20,5,3,15,10
,,,,,,,Burning,,,,,,,,,
,,,,,,,Head,0,23,25,33,3,63,10,65,5
,,,,,,,Body,0,25,30,20,3,65,10,65,5
,,,,,,,LeftLeg,0,30,30,25,3,50,10,55,5
,,,,,,,RightLeg,0,30,30,25,3,50,10,55,5
,,,,,,,LeftBackLeg,0,30,30,25,3,50,10,55,5
,,,,,,,RightBackLeg,0,30,30,25,3,50,10,55,5
,,,,,,,LeftHand,0,23,25,20,3,55,10,60,5
,,,,,,,RightHand,0,23,25,20,3,55,10,60,5
,,,,,,,LeftArm,0,25,20,35,3,63,10,60,5
,,,,,,,RightArm,0,25,20,35,3,63,10,60,5
,,,,,,,Shell,0,20,25,13,3,45,3,30,50
,,,,,,,Red,,,,,,,,,
,,,,,,,LeftLeg,0,24,23,10,5,10,5,30,25
,,,,,,,RightLeg,0,24,23,10,5,10,5,30,25
,,,,,,,LeftBackLeg,0,24,23,10,5,10,5,30,25
,,,,,,,RightBackLeg,0,24,23,10,5,10,5,30,25
60222,em022_u01,Guren Shen Gaoren,红莲老山蟹,,,,Part,Stun,Cutting,Impact,Shot,Fire,Water,Thunder,Ice,Dragon
,,,,,,,Normal,,,,,,,,,
,,,,,,,Head,0,23,25,30,3,120,10,130,5
,,,,,,,Body,0,25,30,15,3,125,10,130,5
,,,,,,,LeftLeg,0,30,30,20,3,100,10,110,5
,,,,,,,RightLeg,0,30,30,20,3,100,10,110,5
,,,,,,,LeftBackLeg,0,30,30,20,3,100,10,110,5
,,,,,,,RightBackLeg,0,30,30,20,3,100,10,110,5
,,,,,,,LeftHand,0,23,25,15,3,110,10,120,5
,,,,,,,RightHand,0,23,25,15,3,110,10,120,5
,,,,,,,LeftArm,0,25,20,25,3,120,10,120,5
,,,,,,,RightArm,0,25,20,25,3,120,10,120,5
,,,,,,,Shell,0,20,25,10,3,80,3,60,20
,,,,,,,Magma,,,,,,,,,
,,,,,,,Head,0,33,35,38,3,100,10,100,5
,,,,,,,Body,0,35,40,20,3,100,10,100,5
,,,,,,,LeftLeg,0,40,40,25,3,70,10,80,5
,,,,,,,RightLeg,0,40,40,25,3,70,10,80,5
,,,,,,,LeftBackLeg,0,40,40,25,3,70,10,80,5
,,,,,,,RightBackLeg,0,40,40,25,3,70,10,80,5
,,,,,,,LeftHand,0,33,35,20,3,80,10,90,5
,,,,,,,RightHand,0,33,35,20,3,80,10,90,5
,,,,,,,LeftArm,0,35,30,30,3,95,10,90,5
,,,,,,,RightArm,0,35,30,30,3,95,10,90,5
,,,,,,,Shell,0,35,40,15,3,60,3,30,60
60230,em023,Basarios,岩龙,,,,,,,,,,,,,
60231,em023_u01,Sandstone Basarios,砂岩龙,,,,,,,,,,,,,
60232,em023,Crystal Basarios,晶岩龙,,,,,,,,,,,,,
60233,em023_ex01,Basarios (Abnormal),岩龙EX,,,,,,,,,,,,,
60234,em023_u01,Sandstone Basarios (?),砂岩龙,,,,,,,,,,,,,
60240,em024,NB5 - Merphistophelin,荒厄龙,3272.32,3618.62,857.466,Part,Stun,Cutting,Impact,Shot,Fire,Water,Thunder,Ice,Dragon
,,,,,,,Normal,,,,,,,,,
,,,,,,,Head,100,40,40,35,10,10,10,10,10
,,,,,,,Neck,0,40,35,30,10,10,10,10,10
,,,,,,,LeftLeg,0,35,40,28,10,10,10,10,10
,,,,,,,RightLeg,0,35,35,30,10,10,10,10,10
,,,,,,,LeftWing,0,35,35,30,10,10,10,10,10
,,,,,,,RightWing,0,35,30,35,10,10,10,10,10
,,,,,,,LeftHand,0,35,30,35,10,10,10,10,10
,,,,,,,RightHand,0,30,28,28,10,10,10,10,10
,,,,,,,Body,0,30,28,28,10,10,10,10,10
,,,,,,,Tail,0,30,30,25,10,10,10,10,10
,,,,,,,Fire,,,,,,,,,
,,,,,,,Head,100,40,40,35,0,20,15,0,5
,,,,,,,Neck,0,40,35,30,0,20,15,0,5
,,,,,,,LeftLeg,0,35,40,28,0,30,20,0,5
,,,,,,,RightLeg,0,35,35,30,0,10,15,0,5
,,,,,,,LeftWing,0,35,35,30,0,10,15,0,5
,,,,,,,RightWing,0,35,30,35,0,15,10,0,5
,,,,,,,LeftHand,0,35,30,35,0,15,10,0,5
,,,,,,,RightHand,0,30,28,28,0,20,15,0,5
,,,,,,,Body,0,30,28,28,0,20,15,0,5
,,,,,,,Tail,0,30,30,25,0,15,10,0,5
,,,,,,,Water/Ice/Thunder  [UNUSED],,,,,,,,,
,,,,,,,Head,100,40,40,35,0,0,0,0,0
,,,,,,,Neck,0,40,35,30,0,0,0,0,0
,,,,,,,LeftLeg,0,35,40,28,0,0,0,0,0
,,,,,,,RightLeg,0,35,35,30,0,0,0,0,0
,,,,,,,LeftWing,0,35,35,30,0,0,0,0,0
,,,,,,,RightWing,0,35,30,35,0,0,0,0,0
,,,,,,,LeftHand,0,35,30,35,0,0,0,0,0
,,,,,,,RightHand,0,30,28,28,0,0,0,0,0
,,,,,,,Body,0,30,28,28,0,0,0,0,0
,,,,,,,Tail,0,30,30,25,0,0,0,0,0
,,,,,,,Dragon,,,,,,,,,
,,,,,,,Head,100,40,40,35,20,0,0,15,0
,,,,,,,Neck,0,40,35,30,20,0,0,15,0
,,,,,,,LeftLeg,0,35,40,28,30,0,0,20,0
,,,,,,,RightLeg,0,35,35,30,10,0,0,15,0
,,,,,,,LeftWing,0,35,35,30,10,0,0,15,0
,,,,,,,RightWing,0,35,30,35,15,0,0,10,0
,,,,,,,LeftHand,0,35,30,35,15,0,0,10,0
,,,,,,,RightHand,0,30,28,28,20,0,0,15,0
,,,,,,,Body,0,30,28,28,20,0,0,15,0
,,,,,,,Tail,0,30,30,25,15,0,0,10,0
60242,em024,Elemental Merphistophelin,御五相,3272.32,3618.62,857.466,Part,Stun,Cutting,Impact,Shot,Fire,Water,Thunder,Ice,Dragon
,,,,,,,Normal,,,,,,,,,
,,,,,,,Head,100,45,45,35,10,10,10,10,10
,,,,,,,Neck,0,40,35,30,10,10,10,10,10
,,,,,,,LeftLeg,0,35,35,30,10,10,10,10,10
,,,,,,,RightLeg,0,35,35,30,10,10,10,10,10
,,,,,,,LeftWing,0,35,30,35,10,10,10,10,10
,,,,,,,RightWing,0,35,30,35,10,10,10,10,10
,,,,,,,LeftHand,0,30,28,28,10,10,10,10,10
,,,,,,,RightHand,0,30,28,28,10,10,10,10,10
,,,,,,,Body,0,35,40,28,10,10,10,10,10
,,,,,,,Tail,0,30,30,25,10,10,10,10,10
,,,,,,,Fire,,,,,,,,,
,,,,,,,Head,100,40,40,35,0,20,15,0,0
,,,,,,,Neck,0,40,35,30,0,20,15,0,0
,,,,,,,LeftLeg,0,35,40,28,0,30,20,0,0
,,,,,,,RightLeg,0,35,35,30,0,10,15,0,0
,,,,,,,LeftWing,0,35,35,30,0,10,15,0,0
,,,,,,,RightWing,0,35,30,35,0,15,10,0,0
,,,,,,,LeftHand,0,35,30,35,0,15,10,0,0
,,,,,,,RightHand,0,30,28,28,0,20,15,0,0
,,,,,,,Body,0,30,28,28,0,20,15,0,0
,,,,,,,Tail,0,30,30,25,0,15,10,0,0
,,,,,,,Water,,,,,,,,,
,,,,,,,Head,100,40,40,35,0,0,20,0,15
,,,,,,,Neck,0,40,35,30,0,0,20,0,15
,,,,,,,LeftLeg,0,35,40,28,0,0,30,0,20
,,,,,,,RightLeg,0,35,35,30,0,0,10,0,15
,,,,,,,LeftWing,0,35,35,30,0,0,10,0,15
,,,,,,,RightWing,0,35,30,35,0,0,15,0,10
,,,,,,,LeftHand,0,35,30,35,0,0,15,0,10
,,,,,,,RightHand,0,30,28,28,0,0,20,0,15
,,,,,,,Body,0,30,28,28,0,0,20,0,15
,,,,,,,Tail,0,30,30,25,0,0,15,0,10
,,,,,,,Ice,,,,,,,,,
,,,,,,,Head,100,40,40,35,20,20,0,0,0
,,,,,,,Neck,0,40,35,30,20,20,0,0,0
,,,,,,,LeftLeg,0,35,40,28,30,30,0,0,0
,,,,,,,RightLeg,0,35,35,30,10,10,0,0,0
,,,,,,,LeftWing,0,35,35,30,10,10,0,0,0
,,,,,,,RightWing,0,35,30,35,15,15,0,0,0
,,,,,,,LeftHand,0,35,30,35,15,15,0,0,0
,,,,,,,RightHand,0,30,28,28,20,20,0,0,0
,,,,,,,Body,0,30,28,28,20,20,0,0,0
,,,,,,,Tail,0,30,30,25,15,15,0,0,0
,,,,,,,Thunder,,,,,,,,,
,,,,,,,Head,100,40,40,35,20,0,0,0,15
,,,,,,,Neck,0,40,35,30,20,0,0,0,15
,,,,,,,LeftLeg,0,35,40,28,30,0,0,0,20
,,,,,,,RightLeg,0,35,35,30,10,0,0,0,15
,,,,,,,LeftWing,0,35,35,30,10,0,0,0,15
,,,,,,,RightWing,0,35,30,35,15,0,0,0,10
,,,,,,,LeftHand,0,35,30,35,15,0,0,0,10
,,,,,,,RightHand,0,30,28,28,20,0,0,0,15
,,,,,,,Body,0,30,28,28,20,0,0,0,15
,,,,,,,Tail,0,30,30,25,15,0,0,0,10
,,,,,,,Dragon,,,,,,,,,
,,,,,,,Head,100,40,40,35,0,0,0,0,0
,,,,,,,Neck,0,40,35,30,0,0,0,0,0
,,,,,,,LeftLeg,0,35,40,28,0,0,0,0,0
,,,,,,,RightLeg,0,35,35,30,0,0,0,0,0
,,,,,,,LeftWing,0,35,35,30,0,0,0,0,0
,,,,,,,RightWing,0,35,30,35,0,0,0,0,0
,,,,,,,LeftHand,0,35,30,35,0,0,0,0,0
,,,,,,,RightHand,0,30,28,28,0,0,0,0,0
,,,,,,,Body,0,30,28,28,0,0,0,0,0
,,,,,,,Tail,0,30,30,25,0,0,0,0,0
60243,em024,Merphistophelin (Tutorial Ver.),荒厄龙新手版,3272.32,3618.62,857.466,Part,Stun,Cutting,Impact,Shot,Fire,Water,Thunder,Ice,Dragon
,,,,,,,Head,100,45,45,35,10,10,10,10,10
,,,,,,,Neck,0,40,35,30,10,10,10,10,10
,,,,,,,LeftLeg,0,35,35,30,10,10,10,10,10
,,,,,,,RightLeg,0,35,35,30,10,10,10,10,10
,,,,,,,LeftWing,0,35,30,35,10,10,10,10,10
,,,,,,,RightWing,0,35,30,35,10,10,10,10,10
,,,,,,,LeftHand,0,30,28,28,10,10,10,10,10
,,,,,,,RightHand,0,30,28,28,10,10,10,10,10
,,,,,,,Body,0,35,40,28,10,10,10,10,10
,,,,,,,Tail,0,30,30,25,10,10,10,10,10
60250,em025,Rathalos,雄火龙,1723.51,1615.2,468.619,,,,,,,,,,
60251,em025_u01,Azure Rathalos,苍火龙,,,,,,,,,,,,,
60252,em025_u02,Silver Rathalos,银火龙,,,,,,,,,,,,,
60253,em025,Rathalos (?),雄火龙,,,,,,,,,,,,,
60254,em025_u04,Aberrant Silver Rathalos,奇烈银火龙,,,,,,,,,,,,,
60256,em025,Azure Rathalos-Related Entity,联动苍火龙,,,,,,,,,,,,,
60257,em025,Rathalos (Raid),[配信Raid]雄火龙,,,,,,,,,,,,,
60260,em026,Akura Vashimu,尾晶蝎,,,,Part,Stun,Cutting,Impact,Shot,Fire,Water,Thunder,Ice,Dragon
,,,,,,,Normal,,,,,,,,,
,,,,,,,head,80,15,40,20,0,0,0,0,0
,,,,,,,Body,0,20,20,10,0,0,0,0,0
,,,,,,,LeftFoot,0,26,26,10,0,0,0,0,0
,,,,,,,RightFoot,0,26,26,10,0,0,0,0,0
,,,,,,,LeftHand,0,15,35,15,0,0,0,0,0
,,,,,,,RightHand,0,15,35,15,0,0,0,0,0
,,,,,,,tail,0,30,5,30,0,0,0,0,0
,,,,,,,FallDown,,,,,,,,,
,,,,,,,head,80,50,60,40,0,0,0,0,0
,,,,,,,Body,0,50,50,80,0,0,0,0,0
,,,,,,,LeftFoot,0,60,20,20,0,0,0,0,0
,,,,,,,RightFoot,0,60,20,20,0,0,0,0,0
,,,,,,,LeftHand,0,50,50,40,0,0,0,0,0
,,,,,,,RightHand,0,50,50,40,0,0,0,0,0
,,,,,,,tail,0,40,20,50,0,0,0,0,0
,,,,,,,with Broken Part % Modifier,,,,,,,,,
,,,,,,,head,80,22.5,14,20,0,0,0,0,0
,,,,,,,LeftHand,0,22.5,12.25,15,0,0,0,0,0
,,,,,,,RightHand,0,22.5,12.25,15,0,0,0,0,0
60261,em026_u01,Akura Jebia,灰晶蝎,,,,,,,,,,,,,
60262,em026_u02,Aberrant Akura Vashimu,奇烈尾晶蝎,,,,,,,,,,,,,
60270,em027,Pariapuria,吞龙,,,,Part,Stun,Cutting,Impact,Shot,Fire,Water,Thunder,Ice,Dragon
,,,,,,,Head,100,30,80,40,0,0,5,5,0
,,,,,,,Body,0,50,30,25,0,0,10,5,0
,,,,,,,Tail,0,40,20,75,0,0,20,5,0
,,,,,,,LeftHand,0,30,50,25,0,0,25,5,0
,,,,,,,RightHand,0,30,50,25,0,0,25,5,0
,,,,,,,LeftLeg,0,30,50,25,0,0,25,5,0
,,,,,,,RightLeg,0,30,50,25,0,0,25,5,0
60272,em027,Pariapuria (Feeding Event),吞龙,,,,Part,Stun,Cutting,Impact,Shot,Fire,Water,Thunder,Ice,Dragon
,,,,,,,Body,0,50,30,25,0,0,10,5,0
,,,,,,,LeftLeg,0,30,50,25,0,0,25,5,0
,,,,,,,RightLeg,0,30,50,25,0,0,25,5,0
,,,,,,,Head,100,30,80,40,0,0,5,5,0
,,,,,,,RightHand,0,30,50,25,0,0,25,5,0
,,,,,,,Tail,0,40,20,75,0,0,20,5,0
,,,,,,,LeftHand,0,30,50,25,0,0,25,5,0
60280,em028,Tigrex,轰龙,1508.752019,1533.368019,398.946405,Part,Stun,Cutting,Impact,Shot,Fire,Water,Thunder,Ice,Dragon
,,,,,,,Normal,,,,,,,,,
,,,,,,,Head,100,75,65,40,0,15,30,5,20
,,,,,,,Neck,0,50,50,25,0,10,20,5,15
,,,,,,,Back,0,28,30,20,15,15,25,10,15
,,,,,,,Belly,0,45,40,25,0,15,25,10,5
,,,,,,,Tail,0,35,30,15,0,5,15,0,15
,,,,,,,LeftHand,0,28,20,30,0,15,20,10,15
,,,,,,,RightHand,0,28,20,30,0,15,20,10,15
,,,,,,,LeftLeg,0,40,45,40,0,5,10,0,5
,,,,,,,RightLeg,0,40,45,40,0,5,10,0,5
,,,,,,,Angry,,,,,,,,,
,,,,,,,Head,100,80,70,45,0,15,35,5,20
,,,,,,,Neck,0,55,55,20,0,10,20,5,15
,,,,,,,Back,0,30,35,20,15,15,25,10,15
,,,,,,,Belly,0,50,45,20,0,15,25,10,5
,,,,,,,LeftHand,0,35,30,10,0,5,15,0,15
,,,,,,,RightHand,0,30,25,30,0,15,25,10,15
,,,,,,,LeftLeg,0,30,25,30,0,15,25,10,15
,,,,,,,RightLeg,0,40,45,40,0,5,10,0,5
,,,,,,,Tail,0,40,45,40,0,5,10,0,5
60281,em028_u01,Flame Tigrex,炎轰龙,1885.94,1916.71,498.683,Part,Stun,Cutting,Impact,Shot,Fire,Water,Thunder,Ice,Dragon
,,,,,,,Normal,,,,,,,,,
,,,,,,,Head,100,65,55,40,0,20,5,15,15
,,,,,,,Neck,0,44,44,34,0,20,5,15,15
,,,,,,,Back,0,40,35,30,0,20,10,15,5
,,,,,,,Belly,0,30,35,25,10,15,10,10,5
,,,,,,,Tail,0,35,30,30,0,15,5,10,15
,,,,,,,LeftHand,0,30,30,23,0,20,5,15,10
,,,,,,,RightHand,0,30,30,23,0,20,5,15,10
,,,,,,,LeftLeg,0,30,30,25,0,15,10,10,5
,,,,,,,RightLeg,0,30,30,25,0,15,10,10,5
,,,,,,,Angry [UNUSED],,,,,,,,,
,,,,,,,Head,100,70,60,45,0,20,5,15,15
,,,,,,,Neck,0,44,44,40,0,20,5,15,15
,,,,,,,Back,0,40,35,30,0,20,10,15,5
,,,,,,,Belly,0,35,40,25,10,15,10,10,5
,,,,,,,Tail,0,35,30,30,0,15,5,10,15
,,,,,,,LeftHand,0,32,32,25,0,20,5,15,10
,,,,,,,RightHand,0,32,32,25,0,20,5,15,10
,,,,,,,LeftLeg,0,30,30,25,0,15,10,10,5
,,,,,,,RightLeg,0,30,30,25,0,15,10,10,5
,,,,,,,with Armored Part % Modifier,,,,,,,,,
,,,,,,,Head,100,19.5,19.25,15.2,0,15,5,10.5,15
,,,,,,,LeftHand,0,21,21,14.95,0,15,5,10.5,10
,,,,,,,RightHand,0,21,21,14.95,0,15,5,10.5,10
,,,,,,,with Molten Part % Modifier,,,,,,,,,
,,,,,,,Head,100,29.25,30.25,25.2,0,50,5,34.5,15
,,,,,,,LeftHand,0,27,27,21.16,0,50,5,34.5,10
,,,,,,,RightHand,0,27,27,21.16,0,50,5,34.5,10
60282,em028,Tigrex (Arctic Ridge),轰龙雪山,1885.94,1916.71,498.683,Part,Stun,Cutting,Impact,Shot,Fire,Water,Thunder,Ice,Dragon
,,,,,,,Head,100,65,55,40,0,15,30,5,20
,,,,,,,Neck,0,45,45,25,0,10,20,5,15
,,,,,,,Back,0,28,30,20,15,15,25,10,15
,,,,,,,Belly,0,45,40,25,0,15,25,10,5
,,,,,,,Tail,0,35,30,15,0,5,15,0,15
,,,,,,,LeftHand,0,28,20,30,0,15,20,10,15
,,,,,,,RightHand,0,28,20,30,0,15,20,10,15
,,,,,,,LeftLeg,0,35,40,40,0,5,10,0,5
,,,,,,,RightLeg,0,35,40,40,0,5,10,0,5
60284,em028,Tigrex (?),轰龙,,,,Part,Stun,Cutting,Impact,Shot,Fire,Water,Thunder,Ice,Dragon
,,,,,,,Normal,,,,,,,,,
,,,,,,,Head,100,75,65,40,0,15,60,5,20
,,,,,,,Neck,0,50,50,25,0,10,40,5,15
,,,,,,,Back,0,28,30,20,15,15,50,10,15
,,,,,,,Belly,0,45,40,25,0,15,50,10,5
,,,,,,,Tail,0,35,30,15,0,5,30,0,15
,,,,,,,LeftHand,0,28,20,30,0,15,40,10,15
,,,,,,,RightHand,0,28,20,30,0,15,40,10,15
,,,,,,,LeftLeg,0,40,45,40,0,5,20,0,5
,,,,,,,RightLeg,0,40,45,40,0,5,20,0,5
,,,,,,,Angry,,,,,,,,,
,,,,,,,Head,100,80,70,45,0,15,70,5,20
,,,,,,,Neck,0,55,55,20,0,10,40,5,15
,,,,,,,Back,0,30,35,20,15,15,50,10,15
,,,,,,,Belly,0,50,45,20,0,15,50,10,5
,,,,,,,LeftHand,0,35,30,10,0,5,30,0,15
,,,,,,,RightHand,0,30,25,30,0,15,50,10,15
,,,,,,,LeftLeg,0,30,25,30,0,15,50,10,15
,,,,,,,RightLeg,0,40,45,40,0,5,20,0,5
,,,,,,,Tail,0,40,45,40,0,5,20,0,5
60285,em028_u02,Aberrant Tigrex,奇烈轰龙,2074.534,2108.381,548.5513,,,,,,,,,,
60290,em029,Lavasioth,熔岩龙,,,,,,,,,,,,,
60300,em030,Diablos,角龙,,,,,,,,,,,,,
60301,em030_u01,Black Diablos,黑角龙,,,,,,,,,,,,,
60302,em030_u01_x01,Aberrant Diablos,奇烈黑角龙,,,,,,,,,,,,,
60310,em031,Kushala Daora,钢龙,1485.29,1909.7375,631.2865,Part,Stun,Cutting,Impact,Shot,Fire,Water,Thunder,Ice,Dragon
,,,,,,,Head,100,50,60,30,10,5,30,0,35
,,,,,,,Body,0,35,50,25,10,5,15,0,20
,,,,,,,LeftLeg,0,30,35,25,10,5,15,0,20
,,,,,,,RightLeg,0,30,35,25,10,5,15,0,20
,,,,,,,LeftWing,0,26,15,20,10,5,15,0,20
,,,,,,,RightWing,0,26,15,20,10,5,15,0,20
,,,,,,,LeftHand,0,30,25,20,10,5,20,0,20
,,,,,,,RightHand,0,30,25,20,10,5,20,0,20
,,,,,,,Tail,0,35,30,40,10,5,30,0,30
60311,em031_u01,Rusted Kushala Daora,锈钢龙,1223.18,1572.725,519.883,Part,Stun,Cutting,Impact,Shot,Fire,Water,Thunder,Ice,Dragon
,,,,,,,Normal,,,,,,,,,
,,,,,,,Head,100,45,45,35,5,35,5,0,30
,,,,,,,Body,0,30,40,20,0,20,5,0,20
,,,,,,,LeftLeg,0,23,23,18,0,10,5,0,10
,,,,,,,RightLeg,0,23,23,18,0,10,5,0,10
,,,,,,,LeftWing,0,25,15,20,0,15,5,0,20
,,,,,,,RightWing,0,25,15,20,0,15,5,0,20
,,,,,,,LeftHand,0,30,30,20,0,20,5,0,20
,,,,,,,RightHand,0,30,30,20,0,20,5,0,20
,,,,,,,Tail,0,30,26,35,0,30,5,0,25
,,,,,,,Body,0,26,35,20,0,25,0,0,10
,,,,,,,Wind,,,,,,,,,
,,,,,,,Head,100,40,40,30,10,40,5,0,35
,,,,,,,LeftLeg,0,18,18,16,0,15,0,0,10
,,,,,,,RightLeg,0,18,18,16,0,15,0,0,10
,,,,,,,LeftWing,0,23,15,20,0,20,0,0,10
,,,,,,,RightWing,0,23,15,20,0,20,0,0,10
,,,,,,,LeftHand,0,26,26,20,0,20,0,0,10
,,,,,,,RightHand,0,26,26,20,0,20,0,0,10
,,,,,,,Tail,0,26,26,25,0,40,0,0,35
60320,em032,[SCRAPPED] Hui Lung / Shining Wyvern,辉龙,,,,Part,Stun,Cutting,Impact,Shot,Fire,Water,Thunder,Ice,Dragon
,,,,,,,None,,,,,,,,,
60330,em033,Chameleos,霞龙,,,,Part,Stun,Cutting,Impact,Shot,Fire,Water,Thunder,Ice,Dragon
,,,,,,,Normal,,,,,,,,,
,,,,,,,Head,100,45,50,30,35,0,20,0,35
,,,,,,,Body,0,26,30,22,35,0,15,5,20
,,,,,,,LeftLeg,0,30,27,20,25,0,10,0,25
,,,,,,,RightLeg,0,30,27,20,25,0,10,0,25
,,,,,,,LeftWing,0,26,23,30,10,0,15,0,15
,,,,,,,RightWing,0,26,23,30,10,0,15,0,15
,,,,,,,LeftHand,0,28,26,20,15,0,20,0,10
,,,,,,,RightHand,0,28,26,20,15,0,20,0,10
,,,,,,,Tail,0,30,23,20,10,0,10,0,5
,,,,,,,Stealth,,,,,,,,,
,,,,,,,Head,100,40,45,25,40,0,20,0,35
,,,,,,,Body,0,23,26,20,40,0,15,5,20
,,,,,,,LeftLeg,0,26,23,15,30,0,15,0,25
,,,,,,,RightLeg,0,26,23,15,30,0,15,0,25
,,,,,,,LeftWing,0,20,20,25,15,0,15,0,15
,,,,,,,RightWing,0,20,20,25,15,0,15,0,15
,,,,,,,LeftHand,0,20,23,15,20,0,10,0,10
,,,,,,,RightHand,0,20,23,15,20,0,10,0,10
,,,,,,,Tail,0,23,20,20,15,0,10,0,5
60340,em034,Kamu Orugaron,雄响狼,,,,,,,,,,,,,
60341,em034_u01,Nono Orugaron,雌响狼,,,,,,,,,,,,,
60350,em035,Kirin,麒麟,100.7741,488.8814,298.072,Part,Stun,Cutting,Impact,Shot,Fire,Water,Thunder,Ice,Dragon
,,,,,,,Body,0,23,24,23,5,5,0,5,5
,,,,,,,Head,100,65,70,65,5,5,0,5,5
,,,,,,,Face,100,45,40,50,5,5,0,5,5
60360,em036,Espinas,棘龙,1429.59,1589.72,526.014,Part,Stun,Cutting,Impact,Shot,Fire,Water,Thunder,Ice,Dragon
,,,,,,,Normal,,,,,,,,,
,,,,,,,Head,100,30,35,25,0,10,5,30,10
,,,,,,,Neck,100,30,35,25,0,10,5,15,10
,,,,,,,Back,0,25,25,25,0,5,5,15,10
,,,,,,,Abdomen,0,45,40,40,0,5,5,30,5
,,,,,,,Tail,0,25,25,25,0,5,5,25,5
,,,,,,,LeftWing,0,20,25,20,0,5,5,15,10
,,,,,,,RightWing,0,20,25,20,0,5,5,15,10
,,,,,,,LeftLeg,0,25,30,30,0,5,5,5,5
,,,,,,,RightLeg,0,25,30,30,0,5,5,5,5
,,,,,,,Angry [UNUSED],,,,,,,,,
,,,,,,,Head,100,45,40,30,0,10,5,35,15
,,,,,,,Neck,100,35,30,25,0,10,5,20,10
,,,,,,,Back,0,30,30,20,0,5,5,35,10
,,,,,,,Abdomen,0,50,45,35,0,5,5,40,15
,,,,,,,Tail,0,35,30,25,0,5,5,30,5
,,,,,,,LeftWing,0,30,30,25,0,5,5,20,10
,,,,,,,RightWing,0,30,30,25,0,5,5,20,10
,,,,,,,LeftLeg,0,25,30,30,0,5,5,10,5
,,,,,,,RightLeg,0,25,30,30,0,5,5,10,5
60361,em036_u01,Flaming Espinas,棘茶龙,1429.59,1589.72,526.014,Part,Stun,Cutting,Impact,Shot,Fire,Water,Thunder,Ice,Dragon
,,,,,,,Normal,,,,,,,,,
,,,,,,,Head,100,15,20,35,10,25,10,5,0
,,,,,,,Neck,0,20,20,25,10,10,10,5,0
,,,,,,,Back,0,10,15,25,5,15,10,5,0
,,,,,,,Abdomen,0,45,40,40,5,25,5,5,0
,,,,,,,Tail,0,25,25,25,5,15,5,5,0
,,,,,,,LeftWing,0,10,25,10,5,10,10,5,0
,,,,,,,RightWing,0,10,25,10,5,10,10,5,0
,,,,,,,LeftLeg,0,20,20,40,5,5,5,5,0
,,,,,,,RightLeg,0,20,20,40,5,5,5,5,0
,,,,,,,Angry [UNUSED],,,,,,,,,
,,,,,,,Head,100,50,40,30,10,35,15,0,5
,,,,,,,Neck,0,40,35,25,10,15,10,5,0
,,,,,,,Back,0,25,30,20,5,25,10,5,0
,,,,,,,Abdomen,0,55,45,35,5,40,15,5,0
,,,,,,,Tail,0,35,25,25,5,15,10,5,0
,,,,,,,LeftWing,0,30,30,25,5,15,10,5,0
,,,,,,,RightWing,0,30,30,25,5,15,10,5,0
,,,,,,,LeftLeg,0,20,20,30,5,5,5,5,0
,,,,,,,RightLeg,0,20,20,30,5,5,5,5,0
60370,em037,Yama Tsukami,浮岳龙,,,,Part,Stun,Cutting,Impact,Shot,Fire,Water,Thunder,Ice,Dragon
,,,,,,,Normal,,,,,,,,,
,,,,,,,Head,0,50,60,35,0,0,0,35,30
,,,,,,,Eye,0,90,90,60,5,0,0,25,20
,,,,,,,Mouth,0,80,70,90,0,10,0,40,50
,,,,,,,Antennae,0,55,50,25,0,0,0,30,20
,,,,,,,LeftArm,0,50,50,30,0,0,0,30,30
,,,,,,,RightArm,0,50,50,30,0,0,0,30,30
,,,,,,,LeftLeg,0,50,50,30,0,0,0,30,30
,,,,,,,RightLeg,0,50,50,30,0,0,0,30,30
,,,,,,,Back,0,50,60,40,0,0,0,20,25
,,,,,,,Abdomen,0,65,60,30,0,0,0,30,20
,,,,,,,Shell1,0,50,60,40,0,0,0,20,25
,,,,,,,Shell2,0,50,60,40,0,0,0,20,25
,,,,,,,Shell3,0,50,60,40,0,0,0,20,25
,,,,,,,Shell4,0,50,60,40,0,0,0,20,25
,,,,,,,Hard,,,,,,,,,
,,,,,,,Head,0,5,5,5,0,0,0,0,0
,,,,,,,Eye,0,5,5,5,0,0,0,0,0
,,,,,,,Mouth,0,5,5,5,0,0,0,0,0
,,,,,,,Antennae,0,5,5,5,0,0,0,0,0
,,,,,,,LeftArm,0,50,50,30,0,0,0,0,0
,,,,,,,RightArm,0,50,50,30,0,0,0,0,0
,,,,,,,LeftLeg,0,50,50,30,0,0,0,0,0
,,,,,,,RightLeg,0,50,50,30,0,0,0,0,0
,,,,,,,Back,0,5,5,5,0,0,0,0,0
,,,,,,,Abdomen,0,5,5,5,0,0,0,0,0
,,,,,,,Shell1,0,5,5,5,0,0,0,0,0
,,,,,,,Shell2,0,5,5,5,0,0,0,0,0
,,,,,,,Shell3,0,5,5,5,0,0,0,0,0
,,,,,,,Shell4,0,5,5,5,0,0,0,0,0
,,,,,,,Broken Abdomen % Modifier,,,,,,,,,
,,,,,,,Abdomen,50%,50%,50%,50%,50%,50%,50%,50%,50%
60371,em037_arm,Yama Tsukami Tentacle,浮岳龙触手,,,,Part,Stun,Cutting,Impact,Shot,Fire,Water,Thunder,Ice,Dragon
,,,,,,,Body,0,50,50,30,0,0,0,20,25
60380,em038,Lunastra,炎妃龙,1511.5465,1848.5205,748.1275,Part,Stun,Cutting,Impact,Shot,Fire,Water,Thunder,Ice,Dragon
,,,,,,,Normal,,,,,,,,,
,,,,,,,Body,0,20,25,20,0,5,5,15,10
,,,,,,,Head,100,40,60,30,0,10,10,25,20
,,,,,,,LeftLeg,0,35,40,20,0,5,5,15,10
,,,,,,,RightLeg,0,35,40,20,0,5,5,15,10
,,,,,,,LeftWing,0,20,15,20,0,5,5,15,10
,,,,,,,RightWing,0,20,15,20,0,5,5,15,10
,,,,,,,LeftHand,0,35,40,20,0,5,5,15,10
,,,,,,,RightHand,0,35,40,20,0,5,5,15,10
,,,,,,,Tail,0,40,25,60,0,10,5,25,25
,,,,,,,Angry,,,,,,,,,
,,,,,,,Body,0,20,25,20,0,5,5,5,5
,,,,,,,Head,100,50,60,30,0,15,10,10,25
,,,,,,,LeftLeg,0,40,50,35,0,10,5,5,5
,,,,,,,RightLeg,0,40,50,35,0,10,5,5,5
,,,,,,,LeftWing,0,20,20,10,0,10,5,5,5
,,,,,,,RightWing,0,20,20,10,0,10,5,5,5
,,,,,,,LeftHand,0,40,50,35,0,10,5,5,5
,,,,,,,RightHand,0,40,50,35,0,10,5,5,5
,,,,,,,Tail,0,45,30,65,0,15,5,5,30
60390,em039,Gravios,铠龙,2910.615,2091.48,881.5155,Part,Stun,Cutting,Impact,Shot,Fire,Water,Thunder,Ice,Dragon
,,,,,,,Normal,,,,,,,,,
,,,,,,,Head,100,24,28,24,0,15,5,5,35
,,,,,,,Neck,0,28,28,20,0,30,5,15,10
,,,,,,,Body,0,26,28,20,0,20,5,5,5
,,,,,,,RightWing,0,28,28,24,0,30,5,5,10
,,,,,,,LeftLeg,0,25,25,25,0,25,5,10,10
,,,,,,,RightLeg,0,25,25,25,0,25,5,10,10
,,,,,,,Abdomen,0,28,30,28,0,30,5,10,30
,,,,,,,Back,0,20,20,25,0,30,5,5,10
,,,,,,,LeftWing,0,28,28,24,0,30,5,5,10
,,,,,,,Tail,0,26,30,20,0,30,5,10,10
,,,,,,,with Broken Part % Modifier,,,,,,,,,
,,,,,,,LeftLeg,0,30,30,30,0,30,6,12,12
,,,,,,,RightLeg,0,30,30,30,0,30,6,12,12
,,,,,,,Abdomen,0,50.4,54,50.4,0,54,9,18,54
60391,em039_u01,Black Gravios,黑铠龙,2910.615,2091.48,881.5155,Part,Stun,Cutting,Impact,Shot,Fire,Water,Thunder,Ice,Dragon
,,,,,,,Normal,,,,,,,,,
,,,,,,,Head,100,23,24,20,0,15,10,5,5
,,,,,,,Neck,0,26,30,20,0,30,10,5,5
,,,,,,,Body,0,26,30,20,0,30,10,5,5
,,,,,,,Back,0,25,30,24,10,25,10,5,15
,,,,,,,Abdomen,0,26,30,28,15,35,10,5,20
,,,,,,,LeftWing,0,25,26,20,0,25,10,5,5
,,,,,,,RightWing,0,25,26,20,0,25,10,5,5
,,,,,,,LeftLeg,0,23,23,20,0,25,10,5,5
,,,,,,,RightLeg,0,23,23,20,0,25,10,5,5
,,,,,,,Tail,0,26,30,20,0,30,10,5,5
,,,,,,,with Broken Part % Modifier,,,,,,,,,
,,,,,,,Abdomen,0,46.8,54,50.4,27,63,18,9,36
,,,,,,,LeftWing,0,30,31.2,24,0,30,12,6,6
,,,,,,,RightWing,0,30,31.2,24,0,30,12,6,6
60400,em040,Teostra,炎王龙,1511.5465,1848.5205,732.34725,Part,Stun,Cutting,Impact,Shot,Fire,Water,Thunder,Ice,Dragon
,,,,,,,Normal,,,,,,,,,
,,,,,,,Body,0,25,25,25,0,5,5,5,5
,,,,,,,Head,100,50,50,45,0,25,10,15,10
,,,,,,,LeftLeg,0,45,45,30,0,10,5,15,5
,,,,,,,RightLeg,0,45,45,30,0,10,5,15,5
,,,,,,,LeftWing,0,20,20,10,0,5,5,5,5
,,,,,,,RightWing,0,20,20,10,0,5,5,5,5
,,,,,,,LeftHand,0,25,25,20,0,15,5,10,5
,,,,,,,RightHand,0,25,25,20,0,15,5,10,5
,,,,,,,Tail,0,45,25,60,0,10,5,25,15
,,,,,,,Angry,,,,,,,,,
,,,,,,,Body,0,25,25,25,0,5,5,5,10
,,,,,,,Head,100,60,55,50,0,15,10,10,25
,,,,,,,LeftLeg,0,55,55,35,0,5,5,15,10
,,,,,,,RightLeg,0,55,55,35,0,5,5,15,10
,,,,,,,LeftWing,0,20,20,10,0,5,5,5,10
,,,,,,,RightWing,0,20,20,10,0,5,5,5,10
,,,,,,,LeftHand,0,35,35,30,0,15,5,5,10
,,,,,,,RightHand,0,35,35,30,0,15,5,5,10
,,,,,,,Tail,0,55,35,65,0,10,5,20,25
60410,em041,Lao-Shan Lung,老山龙,,,,Part,Stun,Cutting,Impact,Shot,Fire,Water,Thunder,Ice,Dragon
,,,,,,,Head,0,28,20,20,20,5,15,5,20
,,,,,,,Back,0,10,20,15,20,5,15,5,20
,,,,,,,Neck,0,20,20,15,20,5,15,5,20
,,,,,,,Body,0,60,55,40,20,5,15,5,30
,,,,,,,Abdomen,0,80,90,60,50,5,15,5,100
,,,,,,,Tail,0,10,20,15,20,5,15,5,20
,,,,,,,LeftWing,0,10,20,15,20,5,15,5,20
,,,,,,,RightWing,0,10,20,15,20,5,15,5,20
,,,,,,,LeftHand,0,32,37,25,20,5,15,5,20
,,,,,,,RightHand,0,32,37,25,20,5,15,5,20
,,,,,,,LeftLeg,0,32,37,25,20,5,15,5,20
,,,,,,,RightLeg,0,32,37,25,20,5,15,5,20
60420,em042,Rajang,金狮子,,,,,,,,,,,,,
60421,em042_u01,Furious Rajang,激昂金狮子,,,,,,,,,,,,,
60440,em044,Berukyurosu,舞雷龙,,,,Part,Stun,Cutting,Impact,Shot,Fire,Water,Thunder,Ice,Dragon
,,,,,,,Head,60,20,35,12,5,5,0,20,5
,,,,,,,Body,0,30,30,10,5,10,0,25,5
,,,,,,,LeftWing,0,30,15,25,5,10,0,25,5
,,,,,,,RightWing,0,30,15,25,5,10,0,25,5
,,,,,,,LeftHand,0,15,30,50,5,15,0,35,5
,,,,,,,RightHand,0,15,30,50,5,15,0,35,5
,,,,,,,LeftLeg,0,20,20,10,5,5,0,15,5
,,,,,,,RightLeg,0,20,20,10,5,5,0,15,5
,,,,,,,LeftBackLeg,0,35,15,45,5,10,0,25,5
,,,,,,,RightBackLeg,0,35,15,45,5,10,0,25,5
,,,,,,,Tail,0,35,15,40,5,10,0,25,5
60441,em044_u01,Doragyurosu,冥雷龙,,,,Part,Stun,Cutting,Impact,Shot,Fire,Water,Thunder,Ice,Dragon
,,,,,,,Normal,,,,,,,,,
,,,,,,,Head,50,30,50,30,10,5,0,0,0
,,,,,,,Body,0,25,40,10,15,5,0,0,0
,,,,,,,LeftWing,0,45,15,25,10,5,0,0,0
,,,,,,,RightWing,0,45,15,25,10,5,0,0,0
,,,,,,,LeftHand,0,45,15,25,10,5,0,0,0
,,,,,,,RightHand,0,45,15,25,10,5,0,0,0
,,,,,,,LeftLeg,0,20,20,15,20,5,0,0,0
,,,,,,,RightLeg,0,20,20,15,20,5,0,0,0
,,,,,,,LeftBackLeg,0,45,25,40,15,5,0,0,0
,,,,,,,RightBackLeg,0,45,25,40,15,5,0,0,0
,,,,,,,Tail,0,50,30,25,15,5,0,0,0
,,,,,,,Angry,,,,,,,,,
,,,,,,,Head,50,35,55,35,10,5,0,0,0
,,,,,,,Body,0,30,45,20,15,5,0,0,0
,,,,,,,LeftWing,0,50,20,25,10,5,0,0,0
,,,,,,,RightWing,0,50,20,25,10,5,0,0,0
,,,,,,,LeftHand,0,50,20,25,10,5,0,0,0
,,,,,,,RightHand,0,50,20,25,10,5,0,0,0
,,,,,,,LeftLeg,0,20,20,15,20,5,0,0,0
,,,,,,,RightLeg,0,20,20,15,20,5,0,0,0
,,,,,,,LeftBackLeg,0,50,30,45,15,5,0,0,0
,,,,,,,RightBackLeg,0,50,30,45,15,5,0,0,0
,,,,,,,Tail,0,55,35,30,15,5,0,0,0
60450,em045,Akantor,霸龙,,,,Part,Stun,Cutting,Impact,Shot,Fire,Water,Thunder,Ice,Dragon
,,,,,,,Normal,,,,,,,,,
,,,,,,,Head,100,50,50,35,0,5,10,0,15
,,,,,,,Neck,0,35,30,20,0,5,10,0,10
,,,,,,,Abdomen,0,35,40,25,0,5,10,0,10
,,,,,,,Body,0,20,25,25,0,5,10,0,10
,,,,,,,Tail,0,30,25,25,0,5,10,0,10
,,,,,,,LeftHand,0,25,35,15,0,5,10,5,10
,,,,,,,RightHand,0,25,35,15,0,5,10,5,10
,,,,,,,LeftLeg,0,30,30,15,0,5,10,0,10
,,,,,,,RightLeg,0,30,30,15,0,5,10,0,10
,,,,,,,Back,0,30,30,20,5,10,5,5,25
,,,,,,,RightBody,0,28,28,15,5,15,5,5,30
,,,,,,,LeftBody,0,28,28,15,5,15,5,5,30
,,,,,,,Break,,,,,,,,,
,,,,,,,Head,100,50,55,45,0,15,15,5,15
,,,,,,,Neck,0,35,40,25,0,10,10,5,10
,,,,,,,Abdomen,0,45,50,25,10,25,15,10,10
,,,,,,,Body,0,40,35,35,0,15,15,5,15
,,,,,,,Tail,0,30,25,25,0,10,15,5,15
,,,,,,,LeftHand,0,25,35,20,0,10,15,10,15
,,,,,,,RightHand,0,25,35,20,0,10,15,10,15
,,,,,,,LeftLeg,0,30,30,20,0,10,15,5,15
,,,,,,,RightLeg,0,30,30,20,0,10,15,5,15
60460,em046,[UNUSED] NB7 - Ink Kirin,墨麒麟,135.1285,741.605,391.39,Part,Stun,Cutting,Impact,Shot,Fire,Water,Thunder,Ice,Dragon
,,,,,,,Normal,,,,,,,,,
,,,,,,,Body,0,35,40,25,5,5,5,5,0
,,,,,,,Head,100,45,55,40,5,5,5,5,0
,,,,,,,Face,100,40,50,35,5,5,5,5,0
,,,,,,,LeftHand,0,30,40,30,5,5,5,5,0
,,,,,,,RightHand,0,30,40,30,5,5,5,5,0
,,,,,,,LeftLeg,0,40,30,30,5,5,5,5,0
,,,,,,,RightLeg,0,40,30,30,5,5,5,5,0
,,,,,,,Tail,0,45,55,35,5,5,5,5,0
,,,,,,,Angry,,,,,,,,,
,,,,,,,Body,0,40,45,30,5,5,5,5,0
,,,,,,,Head,100,50,60,45,5,5,5,5,0
,,,,,,,Face,100,45,55,40,5,5,5,5,0
,,,,,,,LeftHand,0,35,45,35,5,5,5,5,0
,,,,,,,RightHand,0,35,45,35,5,5,5,5,0
,,,,,,,LeftLeg,0,45,35,35,5,5,5,5,0
,,,,,,,RightLeg,0,45,35,35,5,5,5,5,0
,,,,,,,Tail,0,50,60,40,5,5,5,5,0
60470,em050,NB8 - Jie Lung/Disaster Wyvern/Koyaku,劫龙,,,,Part,Stun,Cutting,Impact,Shot,Fire,Water,Thunder,Ice,Dragon
,,,,,,,Normal,,,,,,,,,
,,,,,,,Head,100,35,55,30,40,0,15,10,30
,,,,,,,Body,0,30,40,25,10,0,5,5,10
,,,,,,,LeftHand,0,35,45,25,25,0,10,5,10
,,,,,,,RightHand,0,35,45,25,25,0,10,5,10
,,,,,,,LeftLeg,0,30,30,20,15,0,5,5,25
,,,,,,,RightLeg,0,30,30,20,15,0,5,5,25
,,,,,,,Tail,0,40,30,30,30,0,10,10,10
,,,,,,,Angry,,,,,,,,,
,,,,,,,Head,100,35,55,30,40,0,15,10,30
,,,,,,,Body,0,30,40,25,10,0,5,5,10
,,,,,,,LeftHand,0,35,45,25,25,0,10,5,10
,,,,,,,RightHand,0,35,45,25,25,0,10,5,10
,,,,,,,LeftLeg,0,30,30,20,15,0,5,5,25
,,,,,,,RightLeg,0,30,30,20,15,0,5,5,25
,,,,,,,Tail,0,40,30,30,30,0,10,10,10
60479,em050,Event Jie Lung,劫龙发福版,,,,Part,Stun,Cutting,Impact,Shot,Fire,Water,Thunder,Ice,Dragon
,,,,,,,Normal,,,,,,,,,
,,,,,,,Head,100,35,55,30,40,0,15,10,30
,,,,,,,Body,0,30,40,25,10,0,5,5,10
,,,,,,,LeftHand,0,35,45,25,25,0,10,5,10
,,,,,,,RightHand,0,35,45,25,25,0,10,5,10
,,,,,,,LeftLeg,0,30,30,20,15,0,5,5,25
,,,,,,,RightLeg,0,30,30,20,15,0,5,5,25
,,,,,,,Tail,0,40,30,30,30,0,10,10,10
,,,,,,,Angry,,,,,,,,,
,,,,,,,Head,100,35,55,30,40,0,15,10,30
,,,,,,,Body,0,30,40,25,10,0,5,5,10
,,,,,,,LeftHand,0,35,45,25,25,0,10,5,10
,,,,,,,RightHand,0,35,45,25,25,0,10,5,10
,,,,,,,LeftLeg,0,30,30,20,15,0,5,5,25
,,,,,,,RightLeg,0,30,30,20,15,0,5,5,25
,,,,,,,Tail,0,40,30,30,30,0,10,10,10
60480,em048,NBX - Slicemargl,剑极狼,,,,Part,Stun,Cutting,Impact,Shot,Fire,Water,Thunder,Ice,Dragon
,,,,,,,Head,100,45,60,45,20,5,30,0,5
,,,,,,,LeftLeg,0,40,35,35,10,0,15,0,5
,,,,,,,LeftHand,0,27,30,28,10,0,15,0,1
,,,,,,,RightLeg,0,40,35,35,10,0,15,0,5
,,,,,,,RightHand,0,27,30,28,10,0,15,0,1
,,,,,,,Back,0,35,30,30,15,0,15,0,2
,,,,,,,Body,0,35,40,35,15,0,10,0,5
,,,,,,,Tail,0,60,40,35,10,0,25,0,5
60481,em048_u01,Purple Slicemargl,剑刹狼,,,,Part,Stun,Cutting,Impact,Shot,Fire,Water,Thunder,Ice,Dragon
,,,,,,,Head,100,40,45,40,5,30,5,20,5
,,,,,,,LeftLeg,0,32,30,28,0,15,0,10,5
,,,,,,,LeftHand,0,26,28,25,0,15,0,10,1
,,,,,,,RightLeg,0,32,30,28,0,15,0,10,5
,,,,,,,RightHand,0,26,28,25,0,15,0,10,1
,,,,,,,Back,0,30,27,27,0,20,0,15,2
,,,,,,,Body,0,30,35,30,0,10,0,15,5
,,,,,,,Tail,0,45,40,35,5,25,0,10,5
60490,em049,NBY - Lightenna,电甲虫,,,,Part,Stun,Cutting,Impact,Shot,Fire,Water,Thunder,Ice,Dragon
,,,,,,,Head,50,50,65,50,10,0,0,30,0
,,,,,,,Antennae,0,30,50,20,5,0,0,40,0
,,,,,,,Antennae1,0,30,50,20,5,0,0,40,0
,,,,,,,Body,0,40,40,30,10,0,0,10,0
,,,,,,,Abdomen,0,60,40,45,30,0,0,10,0
,,,,,,,LeftWing,0,32,32,25,20,0,0,40,0
,,,,,,,RightWing,0,32,32,25,20,0,0,40,0
,,,,,,,LeftBackLeg,0,40,35,30,15,0,0,20,0
,,,,,,,LeftFoot,0,32,32,25,15,0,0,20,0
,,,,,,,LeftLeg,0,32,32,25,15,0,0,20,0
,,,,,,,RightBackLeg,0,40,35,30,15,0,0,20,0
,,,,,,,RightFoot,0,32,32,25,15,0,0,20,0
,,,,,,,RightLeg,0,32,32,25,15,0,0,20,0
60491,em049_u01,Poikilos Lightenna,绯甲虫,,,,Part,Stun,Cutting,Impact,Shot,Fire,Water,Thunder,Ice,Dragon
,,,,,,,Head,50,40,55,35,10,0,0,25,0
,,,,,,,Antennae,0,30,45,20,5,0,0,40,0
,,,,,,,Antennae1,0,30,45,20,5,0,0,40,0
,,,,,,,Body,0,25,25,25,20,0,0,10,0
,,,,,,,Abdomen,0,25,30,45,30,0,0,20,0
,,,,,,,LeftWing,0,30,30,25,30,0,0,40,0
,,,,,,,RightWing,0,30,30,25,30,0,0,40,0
,,,,,,,LeftBackLeg,0,45,30,30,15,0,0,20,0
,,,,,,,LeftFoot,0,30,25,25,15,0,0,20,0
,,,,,,,LeftLeg,0,30,25,25,15,0,0,20,0
,,,,,,,RightBackLeg,0,45,35,30,15,0,0,20,0
,,,,,,,RightFoot,0,30,25,25,15,0,0,20,0
,,,,,,,RightLeg,0,30,25,25,15,0,0,20,0
60497,???,Poikilos Drone,绯甲虫浮游炮,,,,Part,Stun,Cutting,Impact,Shot,Fire,Water,Thunder,Ice,Dragon
,,,,,,,Body,0,50,50,50,0,0,0,0,0
60498,???,Lightenna Negative Drone,电甲虫负电球,,,,Part,Stun,Cutting,Impact,Shot,Fire,Water,Thunder,Ice,Dragon
,,,,,,,Body,0,1,1,1,0,0,0,0,0
60499,???,Lightenna Positive Drone,电甲虫正电球,,,,Part,Stun,Cutting,Impact,Shot,Fire,Water,Thunder,Ice,Dragon
,,,,,,,Body,0,1,1,1,0,0,0,0,0
60580,em058,Dyuragaua,冰狐龙,,,,Part,Stun,Cutting,Impact,Shot,Fire,Water,Thunder,Ice,Dragon
,,,,,,,Normal,,,,,,,,,
,,,,,,,Head,100,40,55,30,10,0,15,0,15
,,,,,,,Back,0,30,35,25,15,0,10,0,15
,,,,,,,Belly,0,26,20,30,15,0,10,0,20
,,,,,,,LeftHand,0,50,40,25,10,0,15,0,10
,,,,,,,RightHand,0,50,40,25,10,0,15,0,10
,,,,,,,LeftLeg,0,45,40,35,15,0,10,0,15
,,,,,,,RightLeg,0,45,40,35,15,0,10,0,15
,,,,,,,Tail,0,20,15,20,15,0,10,0,25
,,,,,,,Shell,0,55,45,35,10,0,15,0,20
,,,,,,,Angry,,,,,,,,,
,,,,,,,Head,100,45,60,35,15,0,10,0,20
,,,,,,,Back,0,30,35,40,10,0,15,0,10
,,,,,,,Belly,0,26,20,45,10,0,15,0,15
,,,,,,,LeftHand,0,55,45,30,15,0,10,0,15
,,,,,,,RightHand,0,55,45,30,15,0,10,0,15
,,,,,,,LeftLeg,0,45,40,50,10,0,15,0,10
,,,,,,,RightLeg,0,45,40,50,10,0,15,0,10
,,,,,,,Tail,0,20,15,20,10,0,15,0,20
,,,,,,,Shell,0,60,50,40,15,0,10,0,25
60620,em062,Gurenzeburu,蛮龙,,,,,,,,,,,,,
60630,em063,Abiorugu,狞龙,,,,,,,,,,,,,
60631,em063_u01,Giaorugu,冰狞龙,,,,,,,,,,,,,
60639,???,Abiorugu Offspring,狞龙子代,,,,,,,,,,,,,
60670,em067,Taikun Zamuza,多壳蟹,,,,,,,,,,,,,
60710,em071,Farunokku,倾雷鸟,,,,,,,,,,,,,
60800,em080,Meraginasu,黑穿龙,,,,,,,,,,,,,
60870,em087,Zinogre,雷狼龙,,,,,,,,,,,,,
60871,em087_u01,Stygian Zinogre,狱狼龙,,,,,,,,,,,,,
60879,em087,Zinogre (Tutorial Ver.),新手雷狼龙,,,,,,,,,,,,,
60880,em088,Deviljho,恐暴龙,,,,,,,,,,,,,
60881,em088_u01,Aberrant Deviljho,奇烈恐暴龙,,,,,,,,,,,,,
60890,em089,Brachydios,碎龙,,,,,,,,,,,,,
60900,em090,Barioth,冰牙龙,,,,,,,,,,,,,
60910,em091,Uragaan,爆锤龙,,,,,,,,,,,,,
60920,em092,Nargacuga,迅龙,1443.042,1797.822,544.1076,,,,,,,,,,
60921,em092_u01,Aberrant Nargacuga,奇烈迅龙,,,,,,,,,,,,,
60930,em093,Amatsu,岚龙,,,,,,,,,,,,,
70005,em012,Khezu (High Head Hitzones),菊花较软的电龙,,,,,,,,,,,,,
70008,em006,Genprey (?),黄速龙,,,,,,,,,,,,,
70015,em012,Mini-Khezu,迷你电龙,,,,,,,,,,,,,
70016,em006,Gendrome (Easily Paralyzed),易麻痹的黄速龙王,,,,,,,,,,,,,
70019,m001,Thousand-Layered Kelbi 1,千层精灵鹿01,,,,,,,,,,,,,
70021,m001,Thousand-Layered Kelbi 2,千层精灵鹿02,,,,,,,,,,,,,
70027,em004,"Yian Kut-Ku (Large, High Head Hitzones)",头部较软的大怪鸟,,,,,,,,,,,,,
70028,m004,Seductive Mosswine,诱惑的香菇猪,,,,,,,,,,,,,
70030,m005,Bullfango (Ate a Tracker),吃了侦测头的野猪,,,,,,,,,,,,,
70031,em021,Rathian (PVP),PVP雌火龙,,,,,,,,,,,,,
70032,m018,Ceanataur (High Head Hitzones),头部脆弱的镰蟹,,,,,,,,,,,,,
70033,em017,Blangonga (High Head Hitzones),头部脆弱的雪狮子王,,,,,,,,,,,,,
70034,em001,Thousand-Layer Ceaserber 03,千层河狸兽03,,,,,,,,,,,,,
70035,em011,Thousand-Layer Cephadrome,千层沙龙王,,,,,,,,,,,,,
70036,em004,Mosswine (Tutorial Ver.),新手引导关香菇猪,,,,,,,,,,,,,
70037,m015,Vespoid (?),蚊子,,,,,,,,,,,,,
70038,m005,Bullfango (Ate Trap),吃了陷阱的野猪,,,,,,,,,,,,,
70039,em002,Velocidrome (Trapped by NPC),吃了捕获玉的小蓝速龙,,,,,,,,,,,,,
70040,em002,Velocidrome (Can Be Captured Initially),初始能捕获的蓝速龙王,,,,,,,,,,,,,
70059,em025,King of the Skies - Rathalos,空之王者用雄火龙,,,,,,,,,,,,,
70061,???,Nian Beast,年兽,,,,,,,,,,,,,
70062,???,Chef Felyne (Nian Beast),[年兽]大厨猫,,,,,,,,,,,,,
70063,???,Supply Felyne (Nian Beast),[年兽]补给猫,,,,,,,,,,,,,
70064,???,Fireworks Felyne (Nian Beast),[年兽]礼花猫,,,,,,,,,,,,,
70066,,Brother with Glasses (?),眼镜哥哥,,,,,,,,,,,,,
70068,,Rajang for Activities (?),活动用金狮子,,,,,,,,,,,,,
70070,,Lao-Shan Lung (?),老山龙,,,,,,,,,,,,,
70123,,Aptonoth (Tutorial),新手引导关草食龙,,,,,,,,,,,,,
70163,,Velociprey (Tutorial),新手引导关蓝速龙,,,,,,,,,,,,,
70200,,Bullfango (?),野猪,,,,,,,,,,,,,
70201,,Velociprey (?),蓝速龙,,,,,,,,,,,,,
70202,,Genprey (?),黄速龙,,,,,,,,,,,,,
70203,,Ioprey (?),红速龙,,,,,,,,,,,,,
70204,,Bullfango (?),野猪,,,,,,,,,,,,,
70205,,Velociprey (?),蓝速龙,,,,,,,,,,,,,
70206,,Genprey (?),黄速龙,,,,,,,,,,,,,
70207,,Ioprey (?),红速龙,,,,,,,,,,,,,
70208,,Yian Kut-Ku (?),大怪鸟,,,,,,,,,,,,,
79010,,Player-Controlled Ceaserber (???),玩家控制河狸兽,,,,,,,,,,,,,
79070,,Player-Controlled Gypceros (???),玩家控制毒怪鸟,,,,,,,,,,,,,
78000,,,艾露猫主动技-飞机轰炸,,,,,,,,,,,,,
78001,,,艾露猫主动技-飞机轰炸,,,,,,,,,,,,,
78002,,,艾露猫主动技-飞机轰炸,,,,,,,,,,,,,
78003,,,艾露猫主动技-飞机轰炸,,,,,,,,,,,,,
80011,,Straw Caeserber,稻草河狸兽,,,,Part,Stun,Cutting,Impact,Shot,Fire,Water,Thunder,Ice,Dragon
,,,,,,,Body,0,60,60,45,30,30,30,30,30